event_id,expected_reject_reason
01M4B8X2JC8Z5VPZ13M9PPGTND,null_required_field
01M4B9RF5Y7E381RN8BP74FRHK,null_required_field
01M4BAKXWPM3E9Z00H8HGSNVXG,null_required_field
01M4BAM0H2K1BAV25G02GHGXA8,null_required_field
01M4BBFD9AJDRQT92HQGKP48FV,null_required_field
01M4BCAW7WEBYM4E85F5HGGWYQ,out_of_range
01M4BD6B8029QR1RHAVGDSY1Z6,unknown_sector
01M4BD6CNA01A49KZQ57RE4C41,null_required_field
01M4BEX9ZPPJQKZR0Z9R21B0M9,null_required_field
01M4BFRQXE3FQP7N6VMAGD00K4,null_required_field
01M4BGM698RFAF9BSRCD1J83AM,unknown_sector
01M4BK6K6GNTAK7MNAMXEPKZGC,out_of_range
01M4BK6KTTJ57H38HSF8BBW3Q4,null_required_field
01M4BT2CWM6DV6C0TVT8D112DZ,null_required_field
01M4BTXS6TMNPDRR7RZ87XGFRG,null_required_field
01M4BTXSKA131Z4GBBNB1SJNK9,null_required_field
01M4BWMQR8W5GS44WW86WGFDK3,null_required_field
01M4BWMRNYKJQ2A7A4D99R3X6P,null_required_field
01M4BYBNAEP56Z55BHTY16K6TY,out_of_range
01M4BYBNYRRVN3584GC8E188H0,null_required_field
01M4BZ75EG8575PWQ6RM1X719N,null_required_field
01M4BZ767G8HC5XMTSX298421J,out_of_range
01M4C02JY69Z6KQS6TVQFRG5N6,out_of_range
01M4C02KM2XNQ60R89B869CF8D,null_required_field
01M4C02KTAVB8761N5DJ9W58W7,unknown_sector
01M4C02MWPJQJ3G0PXQRTW1BG2,impossible_timestamp
01M4C0Y3D6ZMP71AHZZ8TYFD28,null_required_field
01M4C1SH68EVNF07H55K88M4PJ,out_of_range
01M4C1SH9CK6D7XSPXW1KCH1J0,null_required_field
01M4C2MZ74Q2ZTTX9DFF09W43Z,impossible_timestamp
01M4C2MZVENEX5F8B3VYPG3KNS,unknown_sector
01M4C3GGGP2XK8WWXYJVGW7AJM,null_required_field
01M4C4BWY0FD2A6JBD60KZR61D,null_required_field
01M4C57C7GF6WG524WQK8K7487,out_of_range
01M4C62VVYF6MKK28B567T7MTH,out_of_range
01M4C62WMY9H082VPHS9REQ2MM,null_required_field
01M4C6YA4MEXW0T0R5SM9AGWBQ,impossible_timestamp
01M4C6YAW26XGMV4ZDRJ30RBVG,out_of_range
01M4C7SVB2HFNR7MP28K39HVZR,out_of_range
01M4C8N7GJF59RCB5M8NX0MF1R,null_required_field
01M4C8N7X2F3E5NWQQ5V3X07S9,null_required_field
01M4C8N81RPJF8MZNQKEBHE82W,null_required_field
01M4C8N9RET2RF59WRGZ28WAVT,null_required_field
01M4CAC5AJMRD20JZDCGSKP243,null_required_field
01M4CAC6PA71RY414BG6JJKRKK,out_of_range
01M4CB7MDT2V0JZ262VMFFAWQG,null_required_field
01M4CB7N2448HEWH7QX326XGBM,unknown_sector
01M4CB7N3PG8SKYK1W56N1WHN7,out_of_range
01M4CB7PCASJKWJ8NWCQERB9RG,null_required_field
01M4CB7PRT5ZWX1S47W1ABDZ5T,null_required_field
01M4CC337P3NCP8Z3HBPCT1Z7D,impossible_timestamp
01M4CC33FG62MK1R2V49HDSVPY,out_of_range
01M4CCYMS2HNSXCMSQXC17GEHH,null_required_field
01M4CDT3B4BHFR22WEKH3KH2GZ,out_of_range
01M4CDT3FTW7R5RAP1C4NX5KX5,null_required_field
01M4CENG4YB7PVJ1T24JR9N9NA,unknown_sector
01M4CENJ6JXKSZMVY7K0SHS38J,null_required_field
01M4CFGZ1YVHTV2DS8JYCPMDQV,null_required_field
01M4CGCF943CJTDN27JXJB6WXM,out_of_range
01M4CGCFTAY3ADA70SPJ5E69SG,null_required_field
01M4CGCG24MCER53YTV8830PAN,null_required_field
01M4CH7WH001N3S2WP076YMBW4,null_required_field
01M4CH7YCCCZHR7V8KJM394XVG,unknown_sector
01M4CJ3BTGPGG8CG4PHW302251,null_required_field
01M4CJ3DNWYQ9FRYVJZG9BX337,null_required_field
01M4CJ3DZ8RM7JX25JE3ZFAHXB,unknown_sector
01M4CJYTNYZ3MD57S5JTVBJNXB,out_of_range
01M4CMNR50WX7QYB5Z0Q1MZ8M6,null_required_field
01M4CNH82TV3Q0BACHAWPV90VR,out_of_range
01M4CNH8RPP1CSEMW4CX33QA49,null_required_field
01M4CNH99WNKY0GFKGDGZ5VPZM,null_required_field
01M4CNH9V2831455SBTJ8TSK57,null_required_field
01M4CWCZNRXER2NGNWS6KYAG0Z,null_required_field
01M4CX8DWWDNZW4EMJ3HSHJQT6,out_of_range
01M4CX8EH6AWEYJ7GSWDJ0XXMH,out_of_range
01M4CX8F0TJTCZ7VSDWF31VPWK,null_required_field
01M4CY3XB24YBZG68K5T1Z2SMS,unknown_sector
01M4CY3YAAWNG3FTCSHZ6T09N7,null_required_field
01M4CYZBJ675EEJXWXQVQA7THZ,out_of_range
01M4CZTV8683XFEH33AWSZCCE0,null_required_field
01M4CZTWT69V9TXK4T0071SD8B,unknown_sector
01M4D0PA0GE6T3VETB8QNN52YC,null_required_field
01M4D1HS5ABPAVGTR7QASWCT7B,out_of_range
01M4D1HS8ED7VGM479TJHCAHA1,impossible_timestamp
01M4D1HSA07FK2Y91CEZEQA0J9,out_of_range
01M4D1HSHTZSZJJWZ6REVHZRRB,out_of_range
01M4D2D6YC18Q3SG9Z1W2DA956,null_required_field
01M4D2D7TGDMQ2DTX6Z958BFFE,null_required_field
01M4D2D8SRASJKY6ANWW1N3250,out_of_range
01M4D38PJTBGFZYGNHM1JAH62B,null_required_field
01M4D446ACT9EKRJHV37Q094DE,out_of_range
01M4D4ZM1WZY13YS9J1T1VD3S4,null_required_field
01M4D4ZNF6ZR3EMKZXV5136DNK,unknown_sector
01M4D5V2Q2JDZMC583RPF4XMPD,unknown_sector
01M4D5V2RM257F8A919E96HGPY,null_required_field
01M4D5V4VTWBK3347VYX1T7DSS,unknown_sector
01M4D6PK628DXFQNJMR4TDQXX7,null_required_field
01M4D6PKM4V58D41NEEHTQCMJK,impossible_timestamp
01M4D6PKXG0SB97F4ANCY6XZNN,null_required_field
01M4D7J0ATXX0J1PMKNC0YA1SC,out_of_range
01M4D7J1ER0XH3SQ2MVR476MMW,out_of_range
01M4D8DF682NAE12F56F6ZQVVT,null_required_field
01M4D8DFFMMEM3N2RC34NE79D8,out_of_range
01M4D8DH6AM6THX7RPV36GYWQ9,out_of_range
01M4D98YB27ZTKPZK61PP2EBFZ,null_required_field
01M4DA4E126VA7Q0JGWR0KRSV4,out_of_range
01M4DA4EDJBAKARXYH66SKK9YE,out_of_range
01M4DA4FK23C86XN7TFH94JMRK,out_of_range
01M4DAZXYWZ6V58SEAVP1MWA39,null_required_field
01M4DBVBHP2BWPVXYFB52AG9BS,out_of_range
01M4DCPVZ4H8R54Z4H86N0ZSP8,null_required_field
01M4DDJ9PMSDSMDX3HD898DXVB,unknown_sector
01M4DDJA1J892K6JF0WRY41S1E,null_required_field
01M4DDJAJRKE2NG2C87HJP9QFY,unknown_sector
01M4DEDRDCVZ4JJNS22GZ4227Z,out_of_range
01M4DEDSCMR1V9GNX1WD9QC7F8,out_of_range
01M4DF96ZEGAE2HH3QQSW28JF7,unknown_sector
01M4DF97F2GX9K5PT252APNKBN,null_required_field
01M4DF98MJZ70AY309P0RH22HM,out_of_range
01M4DG4NECPK1V6740T3BG1QQY,out_of_range
01M4DG4PT4BT04R0HWBXSZSF6J,out_of_range
01M4DG4QK4EQ2PW4RT96J6GHM8,null_required_field
01M4DH04QW0Q6G83MH2BV2ZDQ7,out_of_range
01M4DH057GPB162DC611Y6PWDZ,out_of_range
01M4DH06BE3KRYMW19TFDG1SVN,null_required_field
01M4DHVMRTVW405YNVEGYDRZW7,null_required_field
01M4DJQ2ER3Y6J7DS716APNB2K,out_of_range
01M4DKJH3YT7BVJQAZ6ZPHBEAV,null_required_field
01M4DKJHPPWHBV06R8B31QK0FK,out_of_range
01M4DKJKEYQNBEXFFZGP2M1WSP,out_of_range
01M4DME0RC9QXB0ZG6K7CKXHHT,null_required_field
01M4DME1JY73F2S73W2QNGTSJC,unknown_sector
01M4DME1P2YMP8FXMZDDD17BVX,out_of_range
01M4DME2DG4WVKY32G781ANYQ4,null_required_field
01M4DN9H2PNWWYG0XYVQB2B7Q8,unknown_sector
01M4DQ0DJGKAEVFMXR3SB2SMBC,null_required_field
01M4DQ0DRRDV4F872SDW6JAN4W,null_required_field
01M4DQ0E8CZKNXCMRW7TB5GBHQ,null_required_field
01M4DRQC8MQD9RPDSF13RYTMT5,out_of_range
01M4DSJS746PE0W2DKQKCH7JPN,null_required_field
01M4DSJVF0NGFG0T02Y96WRGSH,impossible_timestamp
01M4DTE9P4KGNBPJJ674XE691N,null_required_field
01M4DV9Q8YHBNFJF9V4B28V0RA,null_required_field
01M4DV9QYT6YYSFY6F470XCX7B,null_required_field
01M4DW582WADZP7F3GR82NYF1Q,out_of_range
01M4DW58Q6GGEXCETV7CFVGK5P,impossible_timestamp
01M4DX0N62PGMBMX9GXMNTD89E,null_required_field
01M4DXW44M1EJGYSNA5RYZ7CFG,out_of_range
01M4DXW4Z6GDD4HGSERJME7EHQ,out_of_range
01M4DXW634QP4938RR1JT2Q3VN,null_required_field
01M4DXW6CG1DXSY3KR6F65CQ1B,null_required_field
01M4DZK2QM97KY611XG4GHXNVZ,null_required_field
01M4E0EHY02AS0034S7EVKTS31,out_of_range
01M4E0EK86R88V80EX5M4HYGKW,null_required_field
01M4E1A1T84PVMPBNE2K9BE57C,null_required_field
01M4E25EFCNZ7AN82AXEV91R7N,out_of_range
01M4E30YA2QDFVX3A2QE3Y1FJZ,impossible_timestamp
01M4E30YWT2F9E5V78GJN32AZD,out_of_range
01M4E30ZXMVYPR4YRM0H3SBDAV,out_of_range
01M4E3WDKJ707PR7JJ2Y8SM4XG,null_required_field
01M4E3WE36ZT5R4V0F00MGZYPA,out_of_range
01M4E4QWGJ7YQDPSKXSPGX5T35,null_required_field
01M4E5KA4YGZ8BM1YJ41QC3E2F,out_of_range
01M4E5KCB85EKDXZ2TPMKF02QJ,null_required_field
01M4E6EV9TBNRWM37B4TRPYRCH,out_of_range
01M4E7A89WMJPXEJP2N7NE08HP,null_required_field
01M4E7AA9YAYMEXKKD258EN8SG,out_of_range
01M4E7AAD2J1R4PZDF24YW5V56,unknown_sector
01M4E85PH08H61RB7QFD0BVW8M,out_of_range
01M4E85RQA5JAAFGGT5V1BS8FE,out_of_range
01M4E9WP044HS2ED1C2C2HGB48,out_of_range
01M4EAR3ZE92KKBRTHQCC71APN,out_of_range
01M4EAR5S8C4FP3F80XZJ5CPS5,null_required_field
01M4EBKK14CWS25X8W946CJHW7,null_required_field
01M4EBKKGRDDJVABA0NW31QS6K,null_required_field
01M4ECF3K8JRJA6H5GN0FVVAY4,null_required_field
01M4EDAH96M7KXBDGP4HGV28XV,unknown_sector
01M4EF1DTJ0N3XRT3AGNBX4FE5,impossible_timestamp
01M4EF1EST23FJM0Q4ZV30J9TK,out_of_range
01M4EFWXVGKHJ3BSCY462FNW5D,null_required_field
01M4EFWZ447ZMSKCXQ7S5W3PDV,null_required_field
01M4EGRC2MN2RZXT4AT996SWE4,out_of_range
01M4EHKVRMR28ZW10N7M4JW73D,null_required_field
01M4EHKWEGHDPPK6RYAAAXD68M,null_required_field
01M4EJFAGYVVN8ADXP7NZ5EH77,impossible_timestamp
01M4EJFB58JAHJ1G32JPJ8VMR8,unknown_sector
01M4EJFBMWZ454XBFMGHV5Z6BN,unknown_sector
01M4EJFBWP8KCAP0D2P29HFRQN,unknown_sector
01M4EJFC4GNKNFT645R9YMV2DA,null_required_field
01M4EM67N26AFRZ0CH8MPFMERV,null_required_field
01M4EM68CGMBC59WJAPGJJH4W8,out_of_range
01M4EQM32TJ660GZKKWV0R8CG4,out_of_range
01M4ERFHZTYHP9646D6QHAJFDE,impossible_timestamp
01M4ERFJ96FR8MFA48P50MWZ4A,unknown_sector
01M4ERFMATNTFPT4GG1SV9XYHX,null_required_field
01M4EYFTNREMV806BWRV11TRM6,null_required_field
01M4EYFV0PNJ45CDAKG6TGPW5R,out_of_range
01M4EZB900RB0K2KYBE9H0NR2E,null_required_field
01M4EZB9QEJV2V9HN3R9Y9TWX7,unknown_sector
01M4EZBBJT2NJ5Y2WT8H34062M,out_of_range
01M4F06QX0BQ5WH7Q96D0RW08C,null_required_field
01M4F06RQJMTS48X2SQSRG7RMS,impossible_timestamp
01M4F1274YKD205B94CAXY1W0Q,out_of_range
01M4F127XYYGMKTJWPTXZCP2Y4,unknown_sector
01M4F128NCGZF65NSYEFGNB9RJ,null_required_field
01M4F1291WT4G8AJBAKCFDSKY0,null_required_field
01M4F129P6QEWG14AV7RD1PFZ2,null_required_field
01M4F2S522M86M0GY1A5PSPRD0,null_required_field
01M4F2S5HPSR8QZ6ZVF9QVVTXQ,out_of_range
01M4F2S6DT08QMXDAQEZ1AB1BB,out_of_range
01M4F2S6M2FJN35WR5YBKECQYT,null_required_field
01M4F3MMSM4B5ZP0DQ2GFE1XS8,null_required_field
01M4F3MMYAX6P59S1NSEGB05DS,out_of_range
01M4F5BHH8GDR3SCYWTKFRE1AP,impossible_timestamp
01M4F5BKE648BJNT34989DQNAX,null_required_field
01M4F67282ZEAQG8PCSA277SRW,null_required_field
01M4F6729MZ8EPPTEDVZ4BM112,out_of_range
01M4F72HZMXW4FSC7EX3CMTEF2,out_of_range
01M4F7XZ2TZ3RN3C055VYJJMV4,out_of_range
01M4F8SDSJ1Y3FG3TBFWGNDNAJ,null_required_field
01M4F8SE1CXMSRCEMQN5HJ2QCY,null_required_field
01M4F9MXTGJCCK563N664N50B1,out_of_range
01M4FAGBEWY84RMQPBS3DY2RWE,impossible_timestamp
01M4FAGCQGF0P2SM1AWMKYG8S8,out_of_range
01M4FBBTF0NXKH6V3J3JN92ZNR,null_required_field
01M4FBBTKPEM56MDPZZ4PY71G8,out_of_range
01M4FBBWAC631ZMZ00H9N2AMKM,out_of_range
01M4FD2QG03PPCBPT675YECH7F,impossible_timestamp
01M4FD2RGT00X85XMTJ6P2DB98,null_required_field
01M4FD2T924PZJ67QWVQTP0DCE,null_required_field
01M4FDY6Y6WFN1PSZZ1SMXRSHM,out_of_range
01M4FDY92Y7C94BN52T3VX01FY,out_of_range
01M4FFN5MABTAT55EZBQH4EKPR,impossible_timestamp
01M4FHC31T6HEHRN4J79XV1VA9,null_required_field
01M4FHC3TTN0H09N8G0NDXN25K,unknown_sector
01M4FJ7JCWGX6GET5P86FQ8F40,out_of_range
01M4FKYG26DDB3Z0PTJ3RSW9JT,out_of_range
01M4FMSZWWJVZH67VSHA2VZYD0,null_required_field
01M4FNNCWY38H0VB4BP8MBBCPC,null_required_field
01M4FNND029J8MQ8RS313NMRX1,impossible_timestamp
01M4FNNEDCXHVYG7CRJYGSENFG,out_of_range
01M4FPGVSYWHY6M1WG485TH5A9,null_required_field
01M4FPGXACH1P9J3DCJAB6HFN0,out_of_range
01M4FPGXREWS4696G66A7PYJH5,unknown_sector
01M4FQCCDMNKZPR45AVV0AYJJW,null_required_field
01M4FS3AFEFKV0A6Y7B6N30NTB,null_required_field
01M4FSYQH22VR0KY6E3EX1SEMH,out_of_range
01M4FSYS6612HC0E93T64P9TAN,impossible_timestamp
01M4FTT81ME7YKP55REYWWCXYV,null_required_field
01M4G1NY78SRF9A41BVK13BJ1A,out_of_range
01M4G2HCHGWTTCWBGC044TQY6M,out_of_range
01M4G2HF16C6YA041BK7VG3RCN,out_of_range
01M4G3CVK63QTXXDW3275951PP,null_required_field
01M4G3CW18ZX5TXZPK7RAM7C5K,out_of_range
01M4G3CW5YZ97QYP6AZA84P2EV,out_of_range
01M4G53V2AHQ9WSRQZ72SK4H44,null_required_field
01M4G53VHY923B5AGHBZ2ACE7F,out_of_range
01M4G5Z8WYEJPG5Y6MG87V4C3M,unknown_sector
01M4G6TRZETDT9YTMKR7FJZX6J,unknown_sector
01M4G6TSACE2BB4GPK2743NP5W,impossible_timestamp
01M4G7P79PGH4NY5GJ8FAYTA97,null_required_field
01M4G8HMHJM6BJNMR1XPX4CK72,null_required_field
01M4G8HP3JCGJF0Y36WZFKW2DG,null_required_field
01M4G8HQ4C7YES38TX1495FKRA,impossible_timestamp
01M4G9D3ZRNYXJFJKP65EZK6E9,out_of_range
01M4GA8KCCPC4YHWSYES7JRW6D,out_of_range
01M4GA8KW0T0BJNSJ4DFNVD7ZP,null_required_field
01M4GA8MHW0K89WECD1MPY67RV,out_of_range
01M4GA8MPJDH4DCPX9F5BFXEVD,out_of_range
01M4GB429CBBHYK341SD2QWGBB,null_required_field
01M4GB42CG3R198PPJM7ZVHXEB,null_required_field
01M4GB435G0X6P6VKG6NATRQZ0,out_of_range
01M4GB43A6YWJKHJTE0A0Q83A0,out_of_range
01M4GBZGA8Q80AVR8QKS7X008V,out_of_range
01M4GBZJF09GYST6BA9M7MWWR4,null_required_field
01M4GCV0B6VTV69FQP9D7HC71V,null_required_field
01M4GDPF52XV3NYY51GTHPJRKM,null_required_field
01M4GDPGC4MDVC7DKP2QG95E0C,null_required_field
01M4GEHWV0VXFR2GB2THC37BMX,null_required_field
01M4GEHZC8PRAQ1W82F56EVKPC,null_required_field
01M4GEHZJGJDJBP6DHSBCFCVRP,null_required_field
01M4GFDD3R2K2R97WC78HTKQAP,impossible_timestamp
01M4GFDDR2Q2362Z1KQ85DMW48,null_required_field
01M4GFDEATMTKDPJ9AFG7J40ZJ,null_required_field
01M4GG8WPM5BA91M2WBX3VDTDG,out_of_range
01M4GG8X7TP7VRQ2T6KZFM8K2W,null_required_field
01M4GH4BEY7FPDYJCM3VEKVRX7,null_required_field
01M4GH4C0443BW3FBAP43GJCPF,null_required_field
01M4GHZTVJ713QF35DSSKECXYJ,null_required_field
01M4GHZTYP0JSVK7GZYWPMP45F,null_required_field
01M4GHZV4YCV3PSHW6YJCATKKQ,out_of_range
01M4GKPQV06P6TVB7WA2KQDKS1,null_required_field
01M4GMJ5RRZT2WEE64HZZ0WE6G,out_of_range
01M4GMJ796F3V01W0TGG347WTA,null_required_field
01M4GY0C16TDV5CADHKEMM2EBE,impossible_timestamp
01M4GYVSYYACHKV599DH9NZZ7P,null_required_field
01M4GYVT9WSYJQVTJJHNR5QS5X,out_of_range
01M4GZQ9HTQ9ZJ9H3XQ46R173Y,unknown_sector
01M4H1E5VCF2HRXDJGQSZ1SDX9,impossible_timestamp
01M4H29M42E717C8DP7H1811NV,out_of_range
01M4H29NJYSR68XAAE4T4ZK1KW,null_required_field
01M4H6JZQE2BVN2QN8PK4KNSMM,out_of_range
01M4H6K0BR1TWQTYASMKBY7WPR,null_required_field
01M4H7EDX0K90F8DDD7FM9NERH,out_of_range
01M4H7EETP8QVQEW54Y5EYKERA,unknown_sector
01M4H7EFRCW2Q99XV0J3SXR23S,unknown_sector
01M4H89WJ6BQJN7WFGZS5D4V48,out_of_range
01M4H95DDP5QS3PWHQS5KJZ7FZ,null_required_field
01M4H95DGTEVSERYPFV2BBJN2Z,out_of_range
01M4HAWB30K5XQ0P06WTW94MNV,impossible_timestamp
01M4HAWBJMVZ1CH5Y7QK6PS5DS,null_required_field
01M4HBQQWT97H5PCTYP7AW8W83,out_of_range
01M4HBQTCG445ZE1K9TYZ581ZZ,unknown_sector
01M4HCK8N62DAMDVGZM4A0EX1J,out_of_range
01M4HCK938414YJWCW53FYXGQV,null_required_field
01M4HDER08EZ5BGZYB6W99YAJ7,null_required_field
01M4HEA5HGK74GZPSN2QT4Q2ZY,null_required_field
01M4HF5M9TYB4PDTMJH243CEMB,out_of_range
01M4HG13242RNZWRKS00M8682P,impossible_timestamp
01M4HGWHM6REH94S77Z5T2YGV1,null_required_field
01M4HGWHTE85ZDWEVQV1141X0R,out_of_range
01M4HGWJ282620WPGJQ0MNHT7T,null_required_field
01M4HGWJ5CXKMP1S0BJGDR4HB1,out_of_range
01M4HGWKFJEEPJ7JN4Z52H878E,out_of_range
01M4HHR068E0HC4MD0P0H24EWY,null_required_field
01M4HHR0CGJ3WNG1XQMKA28AQZ,unknown_sector
01M4HJKFFREZKRGC40SKM1DW2F,null_required_field
01M4HJKH06ZE2ZBW95B87MEAG8,out_of_range
01M4HJKH9J5JFFBRF7QRFX43JT,impossible_timestamp
01M4HKEXX46ZQHM6A7SMX2SM7G,out_of_range
01M4HW1ND8G4N3FS986GQ92CXS,null_required_field
01M4HWX3H8M0QPN045RSAK72TC,null_required_field
01M4HXRHDEQ5DRG16X9B35E3Y5,null_required_field
01M4HYM046Q0GB1C45JT9GEEZF,out_of_range
01M4HYM1K27YXHN7CAKBRBSY68,out_of_range
01M4HYM1P6S3BTH8XAMGCED3EJ,out_of_range
01M4HYM1ZJ5BHPGBXJ95HGKC4Q,null_required_field
01M4HZFFKY00PF6Y7YGF7H7S1W,out_of_range
01M4HZFGZPTA1H3RX8RP12W319,out_of_range
01M4J0AXSGG8E51HSGHPS5SD04,impossible_timestamp
01M4J0B07MN6A7JSK39ZGMKG0M,out_of_range
01M4J16E3TT66VMG6YE03FSMXS,out_of_range
01M4J21VWWPAG9VCS06DTYNWW2,out_of_range
01M4J21Y02FWSPCY1V16G6QFSV,null_required_field
01M4J2XAJ2NQHQV11NA84VNE2V,null_required_field
01M4J2XAKMTZYW2JR5FQNG2X6T,null_required_field
01M4J2XB6CT7MGKWAPG8YJQYFV,unknown_sector
01M4J2XBB2NDXBSJKJZFXVR9J9,null_required_field
01M4J3RSPWS4X9N7RB3W4ZQBGE,null_required_field
01M4J3RT08V2ZB34MTGHEQVPPW,out_of_range
01M4J4M7ZJ6FY27VKMBWM8NPA6,null_required_field
01M4J4M82PAFXR7S0N140FZNR5,impossible_timestamp
01M4J4M8KW5EPKQPHFM5FZ5BT3,out_of_range
01M4J5FQ5Y0E9XQDWF32N75S7Q,impossible_timestamp
01M4J6B81E7MWGJRS8HDHF5252,null_required_field
01M4J76MSP0KQJK7VM9CV2R4X5,out_of_range
01M4J76P5EM6R3G98RHC4AJN07,null_required_field
01M4J8XJSYJYMYB9V7H3X2QXAB,unknown_sector
01M4J8XKFT10HFQ19317S4E1VM,null_required_field
01M4J8XKQMDM0KJFPZVEYW7VB3,null_required_field
01M4J8XKS68TVQZHG90GG5QFJQ,null_required_field
01M4J9S2CT68T32HK3KGF5YRTS,null_required_field
01M4J9S2P6WFK9TXV0H499MV13,impossible_timestamp
01M4J9S3Q0HW1C4MVT8GKCHZ8C,null_required_field
01M4J9S452E1PY9B38CX499W1Z,null_required_field
01M4JAMGYW1MTNX8Q2KJKYBB7Y,impossible_timestamp
01M4JAMJDRDQDB48JJJN4DJY2N,impossible_timestamp
01M4JBFZGYACKZ85PTTTW8KPS7,out_of_range
01M4JD6Y8M5XKKMV4CYN5K2C99,out_of_range
01M4JD6YDAZR1XGFKPC192QX4J,impossible_timestamp
01M4JD6ZJTPKGAW2RRPYMQSZ9H,out_of_range
01M4JEXV3C3W5TFDDRJM8EKN91,null_required_field
01M4JEXW46W1DGNGR2FVVQJKC0,out_of_range
01M4JEXWPY9Q3GMX77E1M91KEJ,out_of_range
01M4JEXXK2GTEWAVZWE46VT5DN,impossible_timestamp
01M4JFSA9RZTJR7M4Z91E8AH3E,out_of_range
01M4JFSAG0F05XW6A1VHVGEEF2,out_of_range
01M4JFSBKY72BTTGV2VCD3W2EC,out_of_range
01M4JGMTAPQRPVDB5HG02X0XW6,null_required_field
01M4JGMTDTDZHH08QYMXN0KEMR,null_required_field
01M4JGMTM2ME5BMENJAJ2V619N,null_required_field
01M4JHGABMMV2B6CQNMYVGHQ8E,unknown_sector
01M4JJBQN2TYBDTYBR88C5BJD8,out_of_range
01M4JM2M80WYR9YPR5JGMH8V4D,out_of_range
01M4JM2MP29Q93ZDC5EBRWBK1E,out_of_range
01M4JM2N2JX3A6A7A8B5TJ52YH,null_required_field
01M4JM2NF2NYHF1S63B38MXAT0,unknown_sector
01M4JM2P9M9Z77QJG7H3VPEWA0,null_required_field
01M4JM2PWCADDG9XG970GZHMXS,out_of_range
01M4JMY56MK54WY2GT4E0C2XW8,null_required_field
01M4JMY5WGK5P3H4FMWEEZ12ZB,null_required_field
01M4JNSMPCP2SXEQW6V1M14YG3,null_required_field
01M4JQGGV82667FMVM9CHYH266,out_of_range
01M4JQGHAWRZGKHPBQSZHB8EJX,out_of_range
01M4JRBZWY1MCFZERNW4DD4HMB,null_required_field
01M4JRC0E4DE2TD1HXGJ3YPEZ3,unknown_sector
01M4JRC12ERKK214G1C5WW46XY,null_required_field
01M4JRC1N6NSFNGYR1P9DJGJC3,null_required_field
01M4JS7EJ46ANW6F0J790SHZDP,null_required_field
01M4JS7F4WXVG3SE339XXGW4FP,null_required_field
01M4JT2WP43BP6GYDEE7SGYR8K,null_required_field
01M4JT2X8W822QKA78W62B4F48,null_required_field
01M4JTYCQ2FTXGM457GZMVNBJH,out_of_range
01M4JTYDY4QY2807KED00PVJ5P,null_required_field
01M4JVSTY6YJW9D0AY5K182SPG,null_required_field
01M4JVSVVWTZXCQWZBRWX9YZX5,impossible_timestamp
01M4JVSWBGC9A7HHHX8N8ADRQX,out_of_range
01M4JWN9D4GV0GDREG8GHEF6SG,null_required_field
01M4JWNACC4Q1V66RAYJKGZWJY,impossible_timestamp
01M4JWNB287PDGSVA60ZXTGMYC,out_of_range
01M4JWNBN05Y45010B9R58Z31F,null_required_field
01M4JWNBV8T0YKQ8HQBRSS07NN,null_required_field
01M4JXGSZ8CJFVXCS419VBW960,unknown_sector
01M4JXGTWYH9SH8TGFY6BTK27E,null_required_field
01M4JYC7YJ1DZ8QA8TV8SMBMX6,unknown_sector
01M4JYC8S4662CMD3FW0R5W6N3,out_of_range
01M4JYC95MDR8A57X017G1BJFG,impossible_timestamp
01M4JYC98RF60E5R1ZTZXG1SDS,out_of_range
01M4JYC9KPSEK5FC8Q6G03C601,out_of_range
01M4JZ7P4427XPXN1MNW166Z73,unknown_sector
01M4JZ7QXYZD2DXJN7M2TR7QBF,null_required_field
01M4JZ7RGPTRVDY3KYJDACNE2T,unknown_sector
01M4K0361YSB3A12AJ84ZH2QX9,out_of_range
01M4K036G039GP21PGKVBM77FA,out_of_range
01M4K0YPM2G4XHBFQ2TECY4PE9,out_of_range
